11/26/17,10:51AM,24C,34%,56Lux
11/26/17,10:51AM,24C,34%,56Lux
11/26/17,10:52AM,24C,35%,57Lux
11/26/17,10:52AM,24C,35%,57Lux
11/26/17,10:52AM,24C,35%,57Lux
11/26/17,10:52AM,24C,34%,56Lux
11/26/17,10:52AM,24C,34%,58Lux
11/26/17,10:52AM,24C,34%,59Lux
11/26/17,10:52AM,24C,34%,57Lux
11/26/17,11:00AM,25.504C,33%,55Lux
11/26/17,11:01AM,25.504C,33%,55Lux
11/26/17,11:01AM,25.504C,33%,56Lux
11/26/17,11:05AM,25.504C,32.724%,55Lux
11/26/17,11:05AM,25.504C,32.724%,55Lux
11/26/17,11:05AM,25.504C,32.724%,55Lux
11/26/17,11:05AM,25.504C,32.724%,55Lux
11/26/17,11:05AM,25.504C,32.724%,55Lux
11/26/17,11:05AM,25.504C,32.724%,55Lux
11/26/17,11:05AM,25.504C,32.724%,55Lux
11/26/17,11:07AM,25.504C,32.724%,54Lux
11/26/17,11:07AM,25.504C,32.724%,54Lux
11/26/17,11:07AM,25.504C,32.724%,54Lux
11/26/17,11:07AM,25.504C,32.724%,54Lux
11/26/17,11:08AM,26.193C,33.215%,57Lux
11/26/17,11:08AM,26.193C,34.685%,56Lux
11/26/17,11:08AM,26.193C,34.685%,55Lux
11/26/17,11:08AM,26.193C,32.724%,57Lux
11/26/17,11:09AM,26.193C,32.724%,56Lux
11/26/17,11:09AM,26.193C,32.724%,56Lux
11/26/17,11:09AM,26.193C,32.234%,56Lux
11/26/17,11:10AM,26.193C,32.234%,57Lux
11/26/17,11:10AM,26.193C,32.234%,57Lux
11/26/17,11:10AM,26.193C,32.234%,57Lux
11/26/17,11:10AM,26.193C,32.234%,57Lux
11/26/17,11:11AM,26.193C,32.234%,56Lux
11/26/17,11:11AM,26.193C,32.234%,55Lux
11/26/17,11:12AM,26.193C,32.234%,55Lux
11/26/17,11:13AM,26.193C,32.234%,55Lux
11/26/17,11:13AM,26.193C,32.234%,55Lux
11/26/17,11:13AM,26.193C,32.234%,55Lux
11/26/17,11:13AM,26.193C,32.234%,2878Lux
11/26/17,11:13AM,26.193C,31.744%,1803Lux
11/26/17,11:13AM,26.193C,31.744%,235Lux
11/26/17,11:13AM,26.193C,31.744%,532Lux
11/26/17,11:13AM,26.193C,31.744%,860Lux
11/26/17,11:13AM,26.193C,31.744%,80Lux
11/26/17,11:13AM,26.193C,31.744%,96Lux
11/26/17,11:13AM,26.193C,31.744%,70Lux
11/26/17,11:16AM,26.193C,31.744%,56Lux
11/26/17,11:17AM,26.882C,31.254%,54Lux
11/26/17,11:18AM,26.882C,31.254%,54Lux
11/26/17,11:19AM,26.882C,31.254%,55Lux
11/26/17,11:19AM,26.882C,31.254%,55Lux
11/26/17,11:20AM,26.882C,31.254%,54Lux
11/26/17,11:21AM,26.882C,30.764%,55Lux
11/26/17,11:21:39AM,26.882C,30.764%,55Lux
11/26/17,11:22:06AM,26.882C,30.764%,56Lux
11/26/17,11:22:10AM,26.882C,30.764%,56Lux
11/26/17,11:22:13AM,26.882C,30.764%,56Lux
11/26/17,11:22:17AM,26.882C,30.764%,56Lux
11/26/17,11:22:21AM,26.882C,30.764%,56Lux
11/26/17,11:22:24AM,26.882C,30.764%,56Lux
11/26/17,11:23:34AM,26.882C,30.764%,56Lux
11/26/17,11:24:35AM,26.882C,30.764%,55Lux
11/26/17,11:25:36AM,26.882C,30.273%,55Lux
11/26/17,11:26:36AM,26.882C,30.764%,55Lux
11/26/17,11:27:37AM,26.882C,30.273%,55Lux
11/26/17,11:28:38AM,27.571C,30.764%,57Lux
11/26/17,11:29:07AM,27.571C,30.764%,57lux
11/26/17,11:30:08AM,27.571C,30.273%,57lux
11/26/17,11:31:08AM,27.571C,30.273%,58lux
11/26/17,11:32:09AM,27.571C,29.783%,57lux
11/26/17,11:33:10AM,27.571C,29.783%,60lux
11/26/17,11:34:11AM,27.571C,29.783%,57lux
11/26/17,11:35:11AM,27.571C,30.273%,56lux
11/26/17,11:36:12AM,27.571C,29.783%,57lux
11/26/17,11:37:13AM,26.882C,30.273%,57lux
11/26/17,11:38:13AM,26.882C,30.273%,58lux
11/26/17,11:39:14AM,26.882C,29.783%,58lux
11/26/17,11:40:15AM,26.882C,29.783%,58lux
11/26/17,11:41:15AM,26.882C,29.783%,58lux
11/26/17,11:42:16AM,26.882C,29.783%,59lux
11/26/17,11:43:17AM,26.882C,29.783%,58lux
11/26/17,11:44:18AM,26.882C,29.783%,58lux
11/26/17,11:45:18AM,26.882C,29.783%,58lux
11/26/17,11:46:19AM,26.882C,29.783%,59lux
11/26/17,11:47:20AM,26.882C,30.273%,59lux
11/26/17,11:48:20AM,26.882C,30.273%,59lux
11/26/17,11:49:21AM,26.882C,29.783%,59lux
11/26/17,11:50:22AM,26.882C,30.273%,60lux
11/26/17,11:51:22AM,26.882C,30.273%,60lux
11/26/17,11:52:23AM,26.882C,30.273%,60lux
11/26/17,11:53:24AM,26.882C,30.273%,61lux
11/26/17,11:54:25AM,26.193C,30.764%,61lux
11/26/17,11:55:25AM,26.193C,30.764%,61lux
11/26/17,11:56:26AM,26.193C,30.764%,61lux
11/26/17,11:57:27AM,26.193C,31.254%,61lux
11/26/17,11:58:27AM,26.193C,31.254%,61lux
11/26/17,11:59:28AM,26.193C,31.744%,62lux
11/26/17,12:00:29PM,26.193C,31.744%,62lux
11/26/17,12:01:30PM,26.193C,31.254%,62lux
11/26/17,12:02:30PM,26.193C,31.744%,62lux
11/26/17,12:03:31PM,26.193C,31.744%,62lux
11/26/17,12:04:32PM,26.193C,31.254%,62lux
11/26/17,12:05:32PM,26.193C,31.744%,62lux
11/26/17,12:06:33PM,25.504C,31.744%,62lux
11/26/17,12:07:34PM,25.504C,31.744%,62lux
11/26/17,12:08:34PM,25.504C,31.744%,62lux
11/26/17,12:09:35PM,25.504C,31.744%,63lux
11/26/17,3:02:46PM,24.126C,27.823%,752lux
11/26/17,3:03:47PM,24.126C,23.901%,432lux
11/26/17,3:04:47PM,24.126C,23.411%,708lux
11/26/17,3:05:48PM,24.126C,23.411%,785lux
11/26/17,3:11:54PM,24.126C,31.254%,502lux
11/26/17,3:12:44PM,24.126C,24.391%,734lux
11/26/17,3:15:30PM,25.504C,41.058%,727lux
